{"loss": [0.14006295800209045, 0.07355519384145737, 0.06024842709302902, 0.06104131042957306, 0.05386395379900932, 0.05569586902856827, 0.04868679493665695, 0.04265893995761871, 0.04303253814578056, 0.04170183092355728, 0.03791370987892151, 0.03392958641052246, 0.03466171771287918, 0.03871683403849602, 0.035384394228458405, 0.030810102820396423, 0.031115040183067322, 0.03208853304386139, 0.03886048123240471, 0.03511160612106323, 0.02805631421506405, 0.027597298845648766, 0.0273729395121336, 0.026750069111585617, 0.025119222700595856, 0.025902189314365387, 0.027812695130705833, 0.025344282388687134, 0.028538191691040993, 0.026042664423584938, 0.024066226556897163, 0.025484658777713776, 0.024049242958426476, 0.024214690551161766, 0.022662319242954254, 0.025235434994101524, 0.020210305228829384, 0.021410400047898293, 0.02192077226936817, 0.022477641701698303, 0.02255154214799404, 0.026293059810996056, 0.02157808467745781, 0.021778451278805733, 0.022556280717253685, 0.021538957953453064, 0.01975148916244507, 0.020738862454891205, 0.01848686672747135, 0.019611962139606476, 0.019103199243545532, 0.017847293987870216, 0.018804460763931274, 0.020589657127857208, 0.018767086789011955, 0.01971142739057541, 0.01827852427959442, 0.020386889576911926, 0.031276635825634, 0.026591133326292038, 0.026499539613723755, 0.025269927456974983, 0.024693738669157028, 0.03148049861192703, 0.02362598478794098, 0.023173784837126732, 0.0248624999076128, 0.02787412330508232], "mae": [0.14006295800209045, 0.07355519384145737, 0.06024842709302902, 0.06104131042957306, 0.05386395379900932, 0.05569586902856827, 0.04868679493665695, 0.04265893995761871, 0.04303253814578056, 0.04170183092355728, 0.03791370987892151, 0.03392958641052246, 0.03466171771287918, 0.03871683403849602, 0.035384394228458405, 0.030810102820396423, 0.031115040183067322, 0.03208853304386139, 0.03886048123240471, 0.03511160612106323, 0.02805631421506405, 0.027597298845648766, 0.0273729395121336, 0.026750069111585617, 0.025119222700595856, 0.025902189314365387, 0.027812695130705833, 0.025344282388687134, 0.028538191691040993, 0.026042664423584938, 0.024066226556897163, 0.025484658777713776, 0.024049242958426476, 0.024214690551161766, 0.022662319242954254, 0.025235434994101524, 0.020210305228829384, 0.021410400047898293, 0.02192077226936817, 0.022477641701698303, 0.02255154214799404, 0.026293059810996056, 0.02157808467745781, 0.021778451278805733, 0.022556280717253685, 0.021538957953453064, 0.01975148916244507, 0.020738862454891205, 0.01848686672747135, 0.019611962139606476, 0.019103199243545532, 0.017847293987870216, 0.018804460763931274, 0.020589657127857208, 0.018767086789011955, 0.01971142739057541, 0.01827852427959442, 0.020386889576911926, 0.031276635825634, 0.026591133326292038, 0.026499539613723755, 0.025269927456974983, 0.024693738669157028, 0.03148049861192703, 0.02362598478794098, 0.023173784837126732, 0.0248624999076128, 0.02787412330508232], "mape": [88.33387756347656, 45.238887786865234, 38.49410629272461, 32.17392349243164, 30.05975341796875, 26.806848526000977, 23.86917495727539, 23.88265609741211, 21.698026657104492, 18.98746109008789, 16.945419311523438, 15.209551811218262, 15.22946834564209, 19.616073608398438, 16.60403823852539, 13.668473243713379, 12.919184684753418, 16.955581665039062, 20.284154891967773, 16.37342643737793, 12.178833961486816, 11.840959548950195, 11.241607666015625, 12.859518051147461, 11.329838752746582, 11.169177055358887, 11.74886703491211, 10.918416976928711, 12.875429153442383, 10.900405883789062, 10.60306453704834, 12.439911842346191, 10.26397705078125, 10.750513076782227, 10.759687423706055, 11.266083717346191, 8.620619773864746, 9.729869842529297, 9.870285987854004, 9.812027931213379, 10.152132034301758, 11.658435821533203, 9.292252540588379, 10.423866271972656, 10.493204116821289, 9.366473197937012, 8.811927795410156, 9.582075119018555, 7.644863605499268, 8.489723205566406, 8.983192443847656, 7.775031566619873, 8.487627029418945, 9.008940696716309, 9.256420135498047, 8.815217018127441, 7.845393180847168, 10.018046379089355, 13.86818790435791, 13.573644638061523, 11.17282772064209, 11.281837463378906, 11.743529319763184, 14.946496963500977, 10.104263305664062, 9.88399887084961, 11.68264389038086, 12.293133735656738], "val_loss": [0.07505398988723755, 0.057959504425525665, 0.05574287474155426, 0.0642634704709053, 0.054026611149311066, 0.0383763425052166, 0.05499844253063202, 0.04664928838610649, 0.04678107053041458, 0.048097383230924606, 0.05029948055744171, 0.054249804466962814, 0.05821835622191429, 0.05600031465291977, 0.04335663467645645, 0.04298936948180199, 0.049319807440042496, 0.07037708163261414, 0.042218949645757675, 0.04057302698493004, 0.04650085046887398, 0.04528382048010826, 0.035159654915332794, 0.0360979400575161, 0.04324383661150932, 0.04225064441561699, 0.04213310778141022, 0.057354602962732315, 0.04655775427818298, 0.039052460342645645, 0.04369508847594261, 0.04188843443989754, 0.04206521809101105, 0.037086211144924164, 0.05093088746070862, 0.03578610718250275, 0.04893805459141731, 0.03953058272600174, 0.03838540241122246, 0.04212815687060356, 0.05675492808222771, 0.04015327990055084, 0.04071737080812454, 0.042225081473588943, 0.038398146629333496, 0.0347890630364418, 0.0402030386030674, 0.04154881462454796, 0.04267459735274315, 0.0399385504424572, 0.038702357560396194, 0.0453498512506485, 0.04814567044377327, 0.044100403785705566, 0.05019481107592583, 0.043658748269081116, 0.040619101375341415, 0.04766927659511566, 0.04911518469452858, 0.04638185352087021, 0.0377330407500267, 0.041102588176727295, 0.048979051411151886, 0.039528198540210724, 0.04466027393937111, 0.04097066819667816, 0.051552414894104004, 0.035300008952617645], "val_mae": [0.07505398988723755, 0.057959504425525665, 0.05574287474155426, 0.0642634704709053, 0.054026611149311066, 0.0383763425052166, 0.05499844253063202, 0.04664928838610649, 0.04678107053041458, 0.048097383230924606, 0.05029948055744171, 0.054249804466962814, 0.05821835622191429, 0.05600031465291977, 0.04335663467645645, 0.04298936948180199, 0.049319807440042496, 0.07037708163261414, 0.042218949645757675, 0.04057302698493004, 0.04650085046887398, 0.04528382048010826, 0.035159654915332794, 0.0360979400575161, 0.04324383661150932, 0.04225064441561699, 0.04213310778141022, 0.057354602962732315, 0.04655775427818298, 0.039052460342645645, 0.04369508847594261, 0.04188843443989754, 0.04206521809101105, 0.037086211144924164, 0.05093088746070862, 0.03578610718250275, 0.04893805459141731, 0.03953058272600174, 0.03838540241122246, 0.04212815687060356, 0.05675492808222771, 0.04015327990055084, 0.04071737080812454, 0.042225081473588943, 0.038398146629333496, 0.0347890630364418, 0.0402030386030674, 0.04154881462454796, 0.04267459735274315, 0.0399385504424572, 0.038702357560396194, 0.0453498512506485, 0.04814567044377327, 0.044100403785705566, 0.05019481107592583, 0.043658748269081116, 0.040619101375341415, 0.04766927659511566, 0.04911518469452858, 0.04638185352087021, 0.0377330407500267, 0.041102588176727295, 0.048979051411151886, 0.039528198540210724, 0.04466027393937111, 0.04097066819667816, 0.051552414894104004, 0.035300008952617645],