{"loss": [0.0625336617231369, 0.08244014531373978, 0.05065159872174263, 0.06311886757612228, 0.048448268324136734, 0.04811650514602661, 0.043049246072769165, 0.051968254148960114, 0.044602952897548676, 0.043894775211811066, 0.04990781098604202, 0.04927492141723633, 0.05548318102955818, 0.0545811727643013, 0.04158790409564972, 0.27141857147216797, 0.12793536484241486, 0.1414399892091751, 0.10000912100076675, 0.08145609498023987, 0.2086324840784073, 0.10653861612081528, 0.08366107195615768, 0.07248024642467499, 0.09441772103309631, 0.07117246091365814, 0.08506588637828827, 0.07149040699005127, 0.07575701922178268, 0.06772740185260773, 0.19088229537010193, 0.10624241828918457, 0.10320932418107986, 0.11231935024261475, 0.0791432186961174, 0.2116146832704544, 0.0983380600810051, 0.07627782970666885, 0.07924511283636093, 0.07325995713472366], "mae": [0.0625336617231369, 0.08244014531373978, 0.05065159872174263, 0.06311886757612228, 0.048448268324136734, 0.04811650514602661, 0.043049246072769165, 0.051968254148960114, 0.044602952897548676, 0.043894775211811066, 0.04990781098604202, 0.04927492141723633, 0.05548318102955818, 0.0545811727643013, 0.04158790409564972, 0.27141857147216797, 0.12793536484241486, 0.1414399892091751, 0.10000912100076675, 0.08145609498023987, 0.2086324840784073, 0.10653861612081528, 0.08366107195615768, 0.07248024642467499, 0.09441772103309631, 0.07117246091365814, 0.08506588637828827, 0.07149040699005127, 0.07575701922178268, 0.06772740185260773, 0.19088229537010193, 0.10624241828918457, 0.10320932418107986, 0.11231935024261475, 0.0791432186961174, 0.2116146832704544, 0.0983380600810051, 0.07627782970666885, 0.07924511283636093, 0.07325995713472366], "mape": [28.196067810058594, 39.221824645996094, 25.749544143676758, 30.62961769104004, 25.055761337280273, 24.6226863861084, 22.202219009399414, 26.194660186767578, 19.841684341430664, 20.59953498840332, 22.350460052490234, 23.87851333618164, 25.650022506713867, 26.184354782104492, 19.981201171875, 140.3583221435547, 61.25385665893555, 81.08856964111328, 46.35871887207031, 42.001258850097656, 108.40625, 57.30956268310547, 35.864952087402344, 35.241703033447266, 44.97074890136719, 31.80979347229004, 42.42936325073242, 33.841339111328125, 33.95589065551758, 32.6572265625, 112.99777221679688, 56.57085037231445, 49.73081588745117, 56.87137985229492, 43.06427764892578, 102.20309448242188, 52.60573959350586, 39.29126739501953, 40.783573150634766, 37.132633209228516], "val_loss": [0.16386941075325012, 0.04452921077609062, 0.0932030901312828, 0.04060209542512894, 0.04566945880651474, 0.06436058133840561, 0.03231721371412277, 0.03446284681558609, 0.0340733639895916, 0.038468051701784134, 0.06607448309659958, 0.0972750261425972, 0.03648862615227699, 0.031250301748514175, 0.03289896994829178, 0.14278511703014374, 0.19209641218185425, 0.10143440216779709, 0.1017518937587738, 0.044875290244817734, 0.11331243813037872, 0.06436727941036224, 0.08676797151565552, 0.20006944239139557, 0.1610877364873886, 0.08641394227743149, 0.12437961250543594, 0.1255425661802292, 0.07816087454557419, 0.08340364694595337, 0.13483136892318726, 0.14080588519573212, 0.16017284989356995, 0.1344851404428482, 0.09486369788646698, 0.08355709910392761, 0.12132273614406586, 0.08408849686384201, 0.17698848247528076, 0.07063204795122147], "val_mae": [0.16386941075325012, 0.04452921077609062, 0.0932030901312828, 0.04060209542512894, 0.04566945880651474, 0.06436058133840561, 0.03231721371412277, 0.03446284681558609, 0.0340733639895916, 0.038468051701784134, 0.06607448309659958, 0.0972750261425972, 0.03648862615227699, 0.031250301748514175, 0.03289896994829178, 0.14278511703014374, 0.19209641218185425, 0.10143440216779709, 0.1017518937587738, 0.044875290244817734, 0.11331243813037872, 0.06436727941036224, 0.08676797151565552, 0.20006944239139557, 0.1610877364873886, 0.08641394227743149, 0.12437961250543594, 0.1255425661802292, 0.07816087454557419, 0.08340364694595337, 0.13483136892318726, 0.14080588519573212, 0.16017284989356995, 0.1344851404428482, 0.09486369788646698, 0.08355709910392761, 0.12132273614406586, 0.08408849686384201, 0.17698848247528076, 0.07063204795122147], "val_mape": [51.84019088745117, 16.173545837402344, 33.82192611694336, 13.106008529663086, 16.5067195892334, 24.40083885192871, 11.415703773498535, 12.543033599853516, 11.30532169342041, 12.599154472351074, 20.656349182128906, 35.610260009765625, 12.52248477935791, 10.772920608520508, 12.117988586425781, 44.92718505859375, 66.20484161376953, 37.679405212402344, 34.75264358520508, 14.099544525146484, 39.28936767578125, 23.359426498413086, 29.227794647216797, 64.05029296875, 60.45441818237305, 29.967514038085938, 39.02349853515625, 43.9312858581543, 27.398914337158203, 26.068662643432617, 51.29902267456055, 44.65365219116211, 44.602230072021484, 44.62188720703125, 33.19401168823242, 29.983909606933594, 44.35564422607422, 29.291833877563477, 61.72630310058594, 24.282732009887695]}